SN_ID,DBC_LOCATION,芯片位置,side,bridge_group,label_bad,IGE4_30,IGE5_R30,VCE5_200,BVCE3_1m,ICES7_1330,RG,VTH5_10m,bridge_anomaly_score,chip_relative_score,chip_raw_outlier_score,risk_score,risk_rank_in_module,bridge_abs_z_q75,bridge_abs_z_max,bridge_feature_count,bridge_top_feature,chip_relative_abs_z_q75,chip_relative_abs_z_max,chip_raw_abs_z_q75,chip_raw_abs_z_max,chip_top_metric,chip_top_metric_score,BVCE3_1m_bridge_abs_z,BVCE3_1m_bridge_rank,BVCE3_1m_dbc_abs_z,BVCE3_1m_module_abs_z,ICES7_1330_bridge_abs_z,ICES7_1330_bridge_rank,ICES7_1330_dbc_abs_z,ICES7_1330_module_abs_z,IGE4_30_bridge_abs_z,IGE4_30_bridge_rank,IGE4_30_dbc_abs_z,IGE4_30_module_abs_z,IGE5_R30_bridge_abs_z,IGE5_R30_bridge_rank,IGE5_R30_dbc_abs_z,IGE5_R30_module_abs_z,RG_bridge_abs_z,RG_bridge_rank,RG_dbc_abs_z,RG_module_abs_z,VCE5_200_bridge_abs_z,VCE5_200_bridge_rank,VCE5_200_dbc_abs_z,VCE5_200_module_abs_z,VTH5_10m_bridge_abs_z,VTH5_10m_bridge_rank,VTH5_10m_dbc_abs_z,VTH5_10m_module_abs_z
E3003161ABV40298001001K21200697,U,5,L,U_L,0,3.026,-8.484,1.534,1350.338,94.357,2.465,5.646,0.8,0.6715006698354417,0.5969537457176037,0.7218706759977092,1,3.3724537973829687,120.73051815497465,408.0,高温静态|Delta_IDSS|PAR:Delta_IDSS_1_U_L_43,2.485612695560823,20.100067133445393,4.107485541964202,6.424810285183863,BVCE3_1m,20.100067133445393,43.86598832164083,1.0,1.214262991760913,0.189355469222636,0.0,14.0,0.805242104946024,0.12378786312054434,0.0,14.0,0.6744907594765952,0.7872895554300189,0.0,13.0,0.4049708863250862,0.6744907594765952,1.3489815189532504,2.0,0.9982463240253863,0.11629151025460212,2.1213203435596424,2.0,6.295247088447989,5.17109582265373,0.0,13.0,0.16862268986920498,0.04817791139120371
E3003161ABV40298001001K21200697,W,5,L,W_L,0,2.977,-13.607,1.547,1348.079,94.65,2.498,5.663,0.8,0.49292064375475864,0.5960815450458781,0.6414224441942292,2,3.3890093439865456,177.91567366637514,408.0,常温动态|EON-1000A|PAR:EON-1000A_WL_919,1.8098326041558057,7.245575713332829,3.870135507369353,7.179325372055998,BVCE3_1m,7.245575713332829,15.156204124713222,2.0,0.6546527959625706,0.8720688607374538,2.8334140510799384,1.0,0.4973548920193198,0.07252306609677082,4.026296880549069,2.0,0.7374096736068738,0.6744907594765952,0.0,18.0,0.7075806959294123,3.15422520816728,0.0,18.0,0.7184792872685485,1.4187564251059228,1.34898151895334,4.0,0.6744907594765454,0.6744907594764954,0.0,18.0,0.7387279746648356,0.86720240504141
E3003161ABV40298001001K21200697,V,4,L,V_L,1,2.879,-9.118,1.546,1354.219,111.142,2.445,5.631,0.8,0.4506505248754831,0.6057622524813557,0.623368961442103,3,3.266534179074048,755.5394283497584,408.0,高温静态|DC_IDSS|PAR:DC_IDSS_1320V_V_L_117,2.108790949565363,4.150153272210964,4.43165226430511,5.96752841435227,RG,4.150153272210964,1.2745334311591472,6.0,0.9383093017357428,2.012900322952239,2.7622524954622194,2.0,2.8747200687470436,2.8130026421491463,0.6744907594765952,10.0,0.5511696877812472,0.44889316756974773,0.0,16.0,0.9263466440893374,0.20066567193292578,6.74490759476685,1.0,3.2038311075139956,1.0466235922912746,0.6744907594765952,9.0,1.0117361392149302,0.2248302531588318,1.3489815189543886,4.0,0.6744907594765952,0.6744907594765952
E3003161ABV40298001001K21200697,W,1,H,W_H,0,2.635,-9.899,1.533,1349.879,88.209,2.44,5.693,0.8,0.3653819603346323,0.5959834370899684,0.5840202258595815,4,4.2418277130475035,157.83083771761073,408.0,常温动态|EON-75A|PAR:EON-75A_WH_284,1.1326027151867035,4.077858716668954,4.196767983365572,6.180021583704298,VCE5_200,4.077858716668954,0.0,17.0,0.11768536250042151,0.026312422522269643,0.9459371935656437,4.0,0.4973548920193198,1.1994737747319861,0.6744907594765952,11.0,0.12332107169534857,0.11279879595342475,0.6744907594765969,6.0,0.9732067611533942,0.38302106840083616,0.6744907594765952,11.0,0.9824104540202551,1.2792066128004373,2.192094968298953,1.0,5.62075632897191,5.620756328971494,0.7588021044111228,6.0,1.1883884809825467,2.312539746777008
E3003161ABV40298001001K21200697,U,1,H,U_H,0,2.977,-8.679,1.55,1347.094,91.966,2.515,5.638,0.8,0.3566758358059172,0.6138700561052935,0.5818911317231922,5,2.6265444525677815,768.9194658051038,408.0,常温动态|Energy|PAR:Energy_U_H_1003,1.590220802392383,2.1622421022623057,4.2101614016711135,7.56801496226285,BVCE3_1m,2.1622421022623057,2.971031125231315,3.0,1.6992496896533165,1.3348855783162832,0.6744907594765952,7.0,0.13075134546942685,0.5421296026558347,2.121320343559643,4.0,0.5777117046761469,0.6744907594765952,0.6744907594765952,7.0,0.9440106326281041,0.5287559139387157,0.778258568626853,5.0,1.6997167138810183,2.209538694837089,2.023472278430085,3.0,0.899321012635427,2.023472278429686,0.0,11.0,1.1803588290839855,0.3372453797382976
E3003161ABV40298001001K21200697,V,3,H,V_H,0,3.27,-9.509,1.544,1353.232,106.458,2.454,5.631,0.8,0.3524753383444375,0.5949804012004493,0.5781119423750418,6,3.012216482470653,73.64212746651859,408.0,高温动态|IC_PEAK|PAR:IC_PEAK_OFF_75A_VH_202,1.4265211796662225,2.7025394258647575,4.101994905610924,6.173305256226494,IGE4_30,2.7025394258647575,0.6744907594765952,9.0,0.5449725929596984,1.5491438759975302,2.0578525220815016,3.0,1.6978473857936582,1.9934657504790108,4.253421319964657,1.0,1.5352215047788171,1.3489815189531913,0.0,15.0,0.4226348748638529,0.09155137732507841,0.0,15.0,0.16862268986920498,0.6279741553747564,0.0,15.0,0.3372453797382602,0.6744907594765952,0.0,15.0,0.6744907594765952,0.6744907594765952
E3003161ABV40298001001K21200697,U,4,L,U_L,0,2.392,-7.313,1.549,1348.517,98.602,2.48,5.646,0.8,0.3295519329269975,0.6231884430863693,0.5706172141257859,7,3.3724537973829687,120.73051815497465,408.0,高温静态|Delta_IDSS|PAR:Delta_IDSS_1_U_L_43,1.3693999152451508,2.1274962863387534,4.705715330087072,6.76777168830756,IGE5_R30,2.1274962863387534,0.0,14.0,0.42121992835474587,0.6662681274383726,0.8629334761838914,6.0,2.0027382463003325,0.6189393156027118,2.928953024028495,3.0,0.5777117046761469,0.672188743232649,2.121320343559643,2.0,2.832031897884315,1.549647190886117,0.6744907594765952,8.0,0.18885741265346245,0.5814575512729073,0.0,13.0,0.4496605063176636,1.5738117721119225,0.0,12.0,0.16862268986920498,0.04817791139120371
E3003161ABV40298001001K21200697,W,6,L,W_L,0,2.294,-14.486,1.544,1354.463,95.675,2.519,5.655,0.8,0.31116157774249675,0.6338461855191453,0.5634073285360381,8,3.3890093439865456,177.91567366637514,408.0,常温动态|EON-1000A|PAR:EON-1000A_WL_919,1.305007501688392,1.723717401033696,4.765959165413951,7.659471336429168,IGE5_R30,1.723717401033696,0.6744907594765952,12.0,1.2497917013832374,2.1275473067991486,0.0,18.0,0.6556498040888117,0.10681624089765326,0.6744907594765953,7.0,0.9815350604323589,0.8977863351394965,0.6752589721867062,5.0,1.1060197937653855,3.8111530503611064,0.6744907594765952,12.0,1.3343186763558683,2.3956051112444237,0.6744907594765952,11.0,0.6744907594766452,0.6744907594765952,0.6744907594765952,10.0,1.2526256961708158,0.48177911391190875
E3003161ABV40298001001K21200697,V,2,H,V_H,0,2.343,-9.411,1.545,1349.549,100.652,2.458,5.626,0.8,0.29783504040319086,0.6248057239911528,0.5565063405805513,9,3.012216482470653,73.64212746651859,408.0,高温动态|IC_PEAK|PAR:IC_PEAK_OFF_75A_VH_202,1.1558060253209208,1.9036990090078934,4.778931786859811,6.672399838122212,VTH5_10m,1.9036990090078934,2.204013837455193,4.0,0.9227671217536263,0.18136776952835648,0.0,15.0,0.2390679670858543,0.9776179295915624,0.0,15.0,0.7978118311719432,0.7849875391860728,0.6744907594765952,8.0,0.08452697497276936,0.018310275465015416,1.3489815189530407,3.0,1.1803588290839855,0.44190773896742197,0.6744907594765952,8.0,0.3372453797382602,0.22483025315893163,2.121320343559643,2.0,2.6979630379051827,0.9153803164325282
E3003161ABV40298001001K21200697,V,1,H,V_H,0,2.196,-9.997,1.543,1352.369,98.749,2.452,5.631,0.8,0.27895030676772276,0.6217796093861082,0.5477055989840861,10,3.012216482470653,73.64212746651859,408.0,高温动态|IC_PEAK|PAR:IC_PEAK_OFF_75A_VH_202,0.9130900188747215,2.1748571102816907,4.611149688664987,6.92027519222986,IGE5_R30,2.1748571102816907,0.0,15.0,0.20105204617781278,1.1436506503421024,0.6744907594765952,9.0,0.23906796708585787,0.6446591967033741,0.6744907594765952,9.0,1.1677750462579857,1.123383927046344,3.3586886798426083,1.0,2.106274213096989,0.45626217026089916,0.6744907594765952,9.0,0.8431134493458751,0.721007363578434,0.674490759476745,6.0,1.0117361392149302,1.1241512657943586,0.0,14.0,0.6744907594765952,0.6744907594765952
E3003161ABV40298001001K21200697,U,3,H,U_H,0,2.343,-7.655,1.546,1349.991,89.575,2.487,5.644,0.8,0.2668565913935114,0.6256026632902639,0.5426457324561066,11,2.6265444525677815,768.9194658051038,408.0,常温动态|Energy|PAR:Energy_U_H_1003,0.9080538327483083,1.8777340964708802,4.72842499880332,6.927820343098619,VTH5_10m,1.8777340964708802,0.6744907594765952,7.0,0.9026141321891786,0.026312422522269643,0.0,13.0,0.5437394140071663,0.9604713421911224,0.0,13.0,0.6744907594765952,0.7849875391860728,0.740834112867737,4.0,1.8866391120605603,1.2940506925581434,0.6744907594765952,7.0,0.1888574126534385,0.9070737799857478,0.6744907594765952,7.0,0.899321012635427,0.2248302531588318,4.0469445568583735,1.0,0.1686226898690552,0.04817791139116092
E3003161ABV40298001001K21200697,W,2,H,W_H,0,2.928,-10.631,1.546,1347.946,80.353,2.452,5.684,0.8,0.27172794937808226,0.590891011924194,0.5413666784125565,12,4.2418277130475035,157.83083771761073,408.0,常温动态|EON-75A|PAR:EON-75A_WH_284,1.061765769714392,1.503368122582989,4.073325848661678,6.127577069143331,ICES7_1330,1.503368122582989,1.6524596173235422,5.0,0.6943287229906197,0.9345608642278176,0.6744907594765952,11.0,1.7105888717441389,2.5740002096082875,1.3420989601830158,6.0,0.6140886019115264,0.5616919635231714,0.0,17.0,0.6414008230237782,0.9300872578045686,0.0,17.0,0.6305022316846419,0.721007363578434,0.0,17.0,0.22483025315884844,0.2248302531588318,0.0,17.0,0.6102535442883549,1.8789385442563455
E3003161ABV40298001001K21200697,W,3,H,W_H,0,2.733,-11.363,1.55,1350.668,83.623,2.47,5.676,0.8,0.24202078878080385,0.6015345372342698,0.5290628086747887,13,4.2418277130475035,157.83083771761073,408.0,常温动态|EON-75A|PAR:EON-75A_WH_284,0.8630110971414156,1.4164305949008325,4.197916258708544,6.539130752891769,VCE5_200,1.4164305949008325,0.6744907594765952,11.0,0.11768536250048935,0.3444108162287228,0.0,17.0,1.2055894937273153,2.0018640790016793,0.0,17.0,0.12332107169534746,0.11279879595342372,0.6744907594765952,10.0,0.30959488489416304,1.4771534472082997,1.0117361392149054,4.0,0.10263989818121563,0.11629151025458145,0.6744907594765952,10.0,2.0234722784298356,2.023472278429686,0.6744907594765952,9.0,0.09635582278237483,1.4935152531268443
E3003161ABV40298001001K21200697,W,4,L,W_L,0,2.392,-12.729,1.545,1354.191,95.919,2.477,5.673,0.8,0.22738551944020102,0.6202691764903113,0.5243504013971216,14,3.3890093439865456,177.91567366637514,408.0,常温动态|EON-1000A|PAR:EON-1000A_WL_919,0.8501350930325305,1.1303329802347186,4.6552825359055126,6.699179407682818,IGE5_R30,1.1303329802347186,0.0,18.0,1.168649955882308,1.999744111691104,0.6744907594765952,12.0,0.6933317148643787,0.1495077442212043,0.0,18.0,0.734892917041664,0.672188743232649,0.6744907594765952,11.0,0.30959488489416304,2.4980447241557,0.6744907594766095,6.0,0.10263989818121563,0.44190773896740126,0.0,18.0,0.2248302531589483,0.22483025315893163,0.8431134493457253,5.0,0.09635582278237483,1.348981518953276
E3003161ABV40298001001K21200697,U,6,L,U_L,0,3.172,-8.484,1.549,1348.489,91.039,2.475,5.653,0.8,0.225154589413699,0.5948948457078181,0.5208090498069464,15,3.3724537973829687,120.73051815497465,408.0,高温静态|Delta_IDSS|PAR:Delta_IDSS_1_U_L_43,0.7500946101127111,1.407466521678987,3.9843909783597233,6.653451220599664,VTH5_10m,1.407466521678987,0.6744907594765952,8.0,0.44636738676401183,0.6794243386995075,0.6744907594765952,8.0,0.13075134546942685,0.7043223222498163,0.6744907594765952,8.0,0.962852841126912,1.123383927046344,0.0,14.0,0.4049708863250862,0.6744907594765952,0.0,14.0,0.45865371644409575,0.34887453076374436,0.0,14.0,0.4496605063176636,1.5738117721119225,2.1213203435596424,3.0,1.3489815189531904,0.3854232911295013
E3003161ABV40298001001K21200697,V,6,L,V_L,0,2.538,-9.362,1.543,1351.36,95.479,2.456,5.629,0.8,0.21834533681226168,0.6186937446740719,0.520124776032925,16,3.266534179074048,755.5394283497584,408.0,高温静态|DC_IDSS|PAR:DC_IDSS_1320V_V_L_117,0.7657776278585173,1.1972210980709086,4.696553802776194,6.343585592877373,VCE5_200,1.1972210980709086,0.0,16.0,0.20105204617781278,0.669557180253683,0.6744907594765952,10.0,1.0606678119316235,0.07252306609676834,1.6966571681679323,5.0,0.3070443009557643,0.33609437161632505,0.8439781810886607,3.0,0.08452697497276936,0.018310275465015416,0.6744907594765952,10.0,0.5058680696073153,0.5349409471710995,1.3489815189530407,5.0,1.0117361392149302,1.1241512657943586,0.0,16.0,0.6744907594765952,0.7708465822590026
E3003161ABV40298001001K21200697,U,2,H,U_H,0,2.343,-8.191,1.547,1349.455,86.501,2.5,5.637,0.8,0.20956598615924568,0.6297885108898983,0.5172835448606504,17,2.6265444525677815,768.9194658051038,408.0,常温动态|Energy|PAR:Energy_U_H_1003,0.7162560247308817,1.1924426168622584,4.764533292070339,7.225053559139153,ICES7_1330,1.1924426168622584,0.0,13.0,0.42121992835495004,0.22553505019073003,0.8671621056591635,5.0,1.4109015196663273,1.4983142979968433,0.0,12.0,0.6744907594765952,0.7849875391860728,0.0,12.0,0.4049708863250862,0.8934667068745364,0.0,13.0,0.8903278025090946,1.5117896333095797,0.0,12.0,0.44966050631776344,0.6744907594764954,0.6744907594765952,7.0,1.3489815189531904,0.3854232911295013
E3003161ABV40298001001K21200697,V,5,L,V_L,0,2.782,-8.923,1.545,1349.847,98.553,2.455,5.628,0.8,0.18551243351844676,0.6126445174962561,0.5047450468329266,18,3.266534179074048,755.5394283497584,408.0,高温静态|DC_IDSS|PAR:DC_IDSS_1320V_V_L_117,0.6620732944220635,0.8864735695976647,4.5729481594337,6.196169349768072,VTH5_10m,0.8864735695976647,0.6744907594765952,10.0,0.8040089259934922,0.041348092534949366,0.0,16.0,0.2883137070215669,0.6103660219024892,0.0,16.0,0.3070443009557632,0.22559759190684744,0.6744907594765952,9.0,1.5991123632603668,0.3464005174708053,0.0,16.0,0.1686226898690552,0.581457551272928,0.0,16.0,0.3372453797382602,0.22483025315893163,0.6744907594765952,8.0,1.3489815189525913,0.8190244936501635
E3003161ABV40298001001K21201308,V,6,L,V_L,0,2.538,-4.678,1.548,1348.886,38.586,2.182,5.712,0.8,0.6633707497058069,0.5362898715336802,0.7121458245209812,1,2.5521497699630347,533.5997358701201,408.0,高温静态|DC_IDSS|PAR:DC_IDSS_1320V_V_L_117,1.3617174238228313,22.875215887385636,2.7880245888243715,6.343585592877373,ICES7_1330,22.875215887385636,0.0,16.0,1.0518795469542048,0.6744907594765952,48.001259049423034,1.0,2.7971648132603706,1.91786037276726,0.6744907594765952,10.0,0.22329557566290098,0.6744907594765951,0.0,16.0,0.31774203247632377,0.4406334447103478,0.6744907594765952,9.0,6.7449075947659525,0.5733171455551171,0.0,15.0,0.0,0.6744907594765952,0.0,15.0,0.8993210126353272,0.5058680696074089
E3003161ABV40298001001K21201308,V,4,L,V_L,0,3.319,-5.069,1.545,1352.196,42.05,2.16,5.713,0.8,0.4574774599757166,0.5122038756296539,0.617085244552038,2,2.5521497699630347,533.5997358701201,408.0,高温静态|DC_IDSS|PAR:DC_IDSS_1320V_V_L_117,2.3298842868310734,3.707938368188154,2.725904387162301,5.026642384999321,IGE4_30,3.707938368188154,7.619673767468639,2.0,0.2971019719989854,0.6122898825218656,0.6744907594765952,10.0,0.01951510334832892,0.42158372158127144,4.756202881257643,1.0,3.372453797382974,2.415112074254904,0.6744907594765952,10.0,0.31774203247632377,0.2200346266799431,1.1803588290840228,5.0,0.6744907594765204,0.9105625252933773,0.6744907594765952,10.0,0.8093889113719622,1.3489815189530407,0.6744907594765952,8.0,1.3489815189531904,0.6744907594765952
E3003161ABV40298001001K21201308,U,3,H,U_H,0,2.928,-4.727,1.548,1354.34,43.221,2.17,5.702,0.8,0.40569499107746426,0.5363631132156471,0.5961990573064238,3,3.34148228291724,88.51699319953049,408.0,高温动态|QRR-800A|PAR:QRR-800A_UH_461,1.9629959636384195,2.6989265961339,2.9729660935472,5.685957102387693,RG,2.6989265961339,3.020995010835144,4.0,2.033644412853443,1.4457816337136336,0.0,13.0,0.02116557618594478,0.08423035420937308,0.6744907594765953,7.0,0.1127987959534227,0.8683326786223611,1.518468940565256,2.0,0.38514113645076514,0.41298806853773934,5.733171455550385,1.0,0.19271164556474965,0.2360717658167971,1.3489815189530407,3.0,1.6862268986914506,0.6744907594765952,2.697963037908178,2.0,0.2248302531589483,1.1803588290838545
E3003161ABV40298001001K21201308,U,4,L,U_L,0,2.343,-7.02,1.545,1352.455,50.833,2.174,5.718,0.8,0.39964674286897384,0.534163386100607,0.5932573729010989,4,2.285439671619358,81.4058462783681,408.0,高温动态|Erec-100A|PAR:Erec-100A_UL_132,1.9189103130207374,2.582317556760944,2.6473792178347253,6.672399838122212,ICES7_1330,2.582317556760944,0.6744907594765952,8.0,1.0503380852328945,0.7129775520921452,1.675412749324669,2.0,3.2668418917204507,3.3722378221157685,1.8017218917525504,3.0,2.5805602094650655,1.4459024785260723,1.0120504405939585,4.0,4.91400588456155,0.8807026980702346,0.0,12.0,0.4496605063177397,0.03372453797384099,0.0,13.0,0.33724537973840996,1.3489815189530407,2.121320343559643,3.0,1.573811772112039,1.517604208822227
E3003161ABV40298001001K21201308,V,2,H,V_H,0,2.831,-5.508,1.548,1355.302,41.172,2.16,5.711,0.8,0.37413546962378624,0.5422285645785446,0.5825838177885583,5,2.5856110668015595,671.118305680777,408.0,高温动态|EON-75A|PAR:EON-75A_VH_160,0.949253331024591,5.033088906557724,3.032992161426695,5.849521111560767,BVCE3_1m,5.033088906557724,9.103163607822319,1.0,1.5629438444668617,1.8197644064032183,0.6744907594765952,9.0,0.6944124274780105,0.8008362907906533,0.6744907594765962,6.0,1.1256859432902895,0.4846047978644158,0.0,15.0,1.0312394864768666,0.027645376172608472,0.0,13.0,0.6744907594765204,0.9105625252933773,0.0,14.0,0.0,0.6744907594765952,2.1213203435596424,5.0,0.44966050631786325,0.3372453797383725
E3003161ABV40298001001K21201308,W,1,H,W_H,0,2.977,-5.898,1.547,1353.07,41.855,2.173,5.704,0.8,0.37077865431683094,0.5244006826955705,0.579290462712131,6,2.745390654388137,49.13665182786219,408.0,高温动态|QRR-75A|PAR:QRR-75A_WH_311,1.6832750267320338,2.383708974226839,2.773942482110993,5.60333198435181,BVCE3_1m,2.383708974226839,3.762725180224975,3.0,1.6194559650386877,0.9520621728864286,0.6744907594765952,11.0,0.5694662467553273,0.5058140757906445,1.0134656027007278,5.0,2.9136165460383476,1.0621745977681272,0.6744907594765952,11.0,1.5176042088223383,0.2476800028525516,3.7096991771217227,2.0,0.7358081012471849,0.03372453797381104,0.0,16.0,0.0,0.0,0.6744907594765952,9.0,0.9274247942803278,0.8431134493456317
E3003161ABV40298001001K21201308,V,5,L,V_L,0,2.635,-4.239,1.552,1348.593,42.002,2.174,5.707,0.8,0.3232682329654575,0.5313231103556155,0.5586030158700175,7,2.5521497699630347,533.5997358701201,408.0,高温静态|DC_IDSS|PAR:DC_IDSS_1320V_V_L_117,1.3540401996492173,1.9560232024815647,2.7379466072825944,6.180021583704298,VTH5_10m,1.9560232024815647,0.6744907594765952,10.0,1.1712909019551556,0.7883961153996819,0.0,16.0,0.019515103348323144,0.4423173472328071,0.0,15.0,0.22329557566289893,0.2907628787186498,0.7572926941437987,6.0,1.0312394864768666,0.6883134475628995,0.0,15.0,4.046944556859572,0.03372453797384099,0.899321012635427,6.0,1.0791852151625763,3.3724537973826765,3.372453797381778,1.0,1.3489815189531904,0.3372453797382227
E3003161ABV40298001001K21201308,U,5,L,U_L,0,2.879,-5.41,1.539,1349.869,43.319,2.184,5.695,0.8,0.32299771815635897,0.5186210407550942,0.5572110772458709,8,2.285439671619358,81.4058462783681,408.0,高温动态|Erec-100A|PAR:Erec-100A_UL_132,0.8750714639018642,3.6253878321865476,2.645737414523109,5.768582220423576,VCE5_200,3.6253878321865476,0.0,14.0,0.298643433720296,0.2923441216867342,0.0,14.0,0.021165576185947846,0.1265615065812657,0.6744907594765952,8.0,0.11279879595342475,0.6744907594765951,0.0,14.0,1.7341226554039557,0.027645376172607972,0.6744907594766252,6.0,1.092032658200229,0.7082152974504512,2.023472278429786,2.0,4.3841899365979815,5.395926075812163,0.0,11.0,1.0117361392149677,2.360717658167709
E3003161ABV40298001001K21201308,W,4,L,W_L,0,2.782,-9.362,1.547,1350.409,39.22,2.187,5.717,0.8,0.32031623426192024,0.5153478400691309,0.5556770894247773,9,3.0,92.47258751336224,408.0,高温动态|DirrDt-50A|PAR:DirrDt-50A_WL_381,1.4372382810136337,1.538629015364386,2.519514908349906,5.93214622959665,ICES7_1330,1.538629015364386,0.0,18.0,0.2313508521484348,0.08241616196485321,1.481181707810604,3.0,1.5155845066546219,1.644003733953196,2.1213203435596424,2.0,1.124151265794324,0.2907628787186498,0.6744907594765952,12.0,0.8762851260413144,2.2020388408508174,2.1213203435596424,4.0,0.9810774683294892,0.9105625252934072,0.0,17.0,0.0,0.0,2.121320343559643,4.0,0.1686226898691301,1.3489815189530407
E3003161ABV40298001001K21201308,V,1,H,V_H,0,2.538,-7.118,1.546,1351.33,45.271,2.164,5.709,0.8,0.31663191574412203,0.5224241815631142,0.5547267802411664,10,2.5856110668015595,671.118305680777,408.0,高温动态|EON-75A|PAR:EON-75A_VH_160,1.3562122672883903,1.7815399749600598,2.5221716209847065,6.343585592877373,IGE5_R30,1.7815399749600598,0.6744907594765952,9.0,0.05583397827698513,0.27562763600504786,0.992017753540015,6.0,2.63860459855521,0.9697289497438085,0.0,14.0,0.22329557566290098,0.6744907594765951,1.308349545490745,3.0,3.6479385774583566,0.9359934504154516,2.121320343559643,3.0,0.6744907594766701,0.6407662215027392,0.6744907594765952,9.0,0.5395926075812881,0.6744907594764454,0.0,13.0,0.44966050631786325,0.0
E3003161ABV40298001001K21201308,W,5,L,W_L,0,2.635,-9.021,1.548,1353.556,45.612,2.174,5.723,0.8,0.2754504489476783,0.527428163196386,0.5366955183460939,11,3.0,92.47258751336224,408.0,高温动态|DirrDt-50A|PAR:DirrDt-50A_WL_381,1.0886086724209636,1.4941867621831153,2.6558555605116148,6.180021583704298,VCE5_200,1.4941867621831153,1.0885243179860264,5.0,1.872976853751521,1.140997336636095,0.6744907594765952,12.0,0.7795152721978631,1.11702408197661,0.0,17.0,0.22483025315886643,0.2907628787186498,0.0,18.0,0.6406280061832013,2.009649590343483,0.0,17.0,0.6131734177060055,0.03372453797384099,2.1213203435596424,1.0,1.3489815189531904,0.6744907594765952,0.0,17.0,0.6744907594765952,2.3607176581678586
E3003161ABV40298001001K21201308,U,1,H,U_H,1,3.27,-4.093,1.545,1350.05,44.441,2.151,5.707,0.8,0.2658498867623547,0.5112250458149122,0.5307549536245509,12,3.34148228291724,88.51699319953049,408.0,高温动态|QRR-800A|PAR:QRR-800A_UH_461,0.9041388037745706,1.8439304762007023,2.693083320670822,5.109267503035205,IGE4_30,1.8439304762007023,0.6744907594765953,7.0,0.2042251603519355,0.22197937963181674,0.6744907594765952,7.0,0.5058140757906475,0.6112100061859654,1.6793443399213226,4.0,1.6873779068134624,2.221270155109138,0.6744907594765952,7.0,0.8670613277019779,0.7706853847302627,0.6744907594765952,7.0,1.02779544301196,1.5176042088223354,0.6744907594765952,7.0,0.33724537973840996,1.3489815189530407,0.6744907594765952,7.0,0.3372453797382228,0.3372453797382227
E3003161ABV40298001001K21201308,U,6,L,U_L,0,2.733,-4.337,1.547,1346.42,40.294,2.164,5.695,0.8,0.2570982573961661,0.529403102428979,0.5286345260711727,13,2.285439671619358,81.4058462783681,408.0,高温动态|Erec-100A|PAR:Erec-100A_UL_132,0.9700340148086856,1.4192121358571614,2.769594519608032,6.014771347632532,BVCE3_1m,1.4192121358571614,0.8995818365949957,6.0,2.0978071069102873,1.6331617755394716,0.6744907594765952,8.0,1.285484790395353,1.1800888600000352,0.0,13.0,0.7849875391860728,0.09692095957288387,0.6744907594765952,8.0,0.38514113645076514,0.633022695217683,0.6744907594765952,8.0,0.19271164556472112,0.6407662215027392,0.6744907594765952,8.0,1.0117361392147806,0.0,0.0,12.0,1.0117361392149677,2.360717658167709
E3003161ABV40298001001K21201308,V,3,H,V_H,0,2.245,-4.678,1.551,1351.604,42.831,2.16,5.709,0.8,0.24406917600709907,0.539961538179754,0.5238272830211701,14,2.5856110668015595,671.118305680777,408.0,高温动态|EON-75A|PAR:EON-75A_VH_160,0.8809061968802123,1.467017401861485,2.6961194314135044,6.837650074193978,VCE5_200,1.467017401861485,0.0,15.0,0.05583397827689247,0.38214663778986097,0.0,15.0,0.6545690914751799,0.08423035420937001,0.6744907594765952,9.0,1.5722770946160893,1.8335863168176043,0.6744907594765952,9.0,0.31774203247632377,0.4406334447103478,0.0,14.0,0.6744907594765204,0.9105625252933773,1.0117361392148554,5.0,0.8093889113719023,2.6979630379060815,0.0,14.0,0.44966050631786325,0.0
E3003161ABV40298001001K21201308,W,6,L,W_L,0,2.635,-7.655,1.547,1348.459,43.612,2.174,5.723,0.8,0.24157026602270085,0.5190773125854199,0.5206143509687574,15,3.0,92.47258751336224,408.0,高温动态|DirrDt-50A|PAR:DirrDt-50A_WL_381,0.8144856407965729,1.6633984662431798,2.517278437776536,6.180021583704298,IGE5_R30,1.6633984662431798,0.6744907594765952,12.0,0.7858625902176788,0.8404893498491729,0.0,18.0,0.06139894589858781,0.25312301316252833,0.0,18.0,0.22483025315886643,0.2907628787186498,2.7019189954399745,1.0,0.30338262644490227,1.2389642056132195,0.0,18.0,0.6131734177060055,0.03372453797384099,0.0,18.0,0.0,0.0,0.0,18.0,0.6744907594765952,2.3607176581678586
E3003161ABV40298001001K21201308,W,2,H,W_H,0,2.684,-7.069,1.545,1349.522,45.71,2.184,5.707,0.8,0.23656908067540275,0.516684088843328,0.5181244951882641,16,2.745390654388137,49.13665182786219,408.0,高温动态|QRR-75A|PAR:QRR-75A_WH_311,0.762230438146887,1.686226898691301,2.503731417135099,6.097396465668415,VCE5_200,1.686226898691301,0.0,17.0,0.2313508521484348,0.42724227358203554,1.163079472171649,4.0,0.8147029721865272,1.1593552343484994,0.0,16.0,0.22483025315886643,0.0969209595728821,0.0,17.0,0.7083535127699891,0.908348074242843,0.0,16.0,0.6131734177059511,0.7082152974504512,1.3489815189530407,4.0,2.6979630379060815,1.3489815189530407,0.0,16.0,0.6744907594765952,0.3372453797382227
E3003161ABV40298001001K21201308,W,3,H,W_H,0,2.489,-8.533,1.548,1348.886,43.27,2.186,5.713,0.8,0.23080695379142496,0.5208036327940757,0.5159434924855488,17,2.745390654388137,49.13665182786219,408.0,高温动态|QRR-75A|PAR:QRR-75A_WH_311,0.9033619929808318,0.9756087717088407,2.4769245135581994,6.426210710913256,IGE5_R30,0.9756087717088407,0.6744907594765952,11.0,0.5631189287355116,0.6744907594765952,0.0,17.0,0.06139894589858781,0.10539593039532093,0.6744907594765952,11.0,1.5646350270851614,0.8683326786223611,0.8432574482269298,5.0,0.3033826264449029,1.7343242113183222,0.6744907594765952,10.0,0.8584427847883098,0.8431134493457553,0.6744907594765952,11.0,1.3489815189531904,0.6744907594765952,1.3489815189531904,6.0,0.1686226898691301,0.6744907594765952
E3003161ABV40298001001K21201308,U,2,H,U_H,0,3.026,-4.288,1.546,1350.833,41.318,2.153,5.706,0.8,0.1731874615049758,0.5215733111175158,0.49009168878899073,18,3.34148228291724,88.51699319953049,408.0,高温动态|QRR-800A|PAR:QRR-800A_UH_461,0.5787227601264552,0.905566070258327,2.7500900271061264,5.520706866315927,ICES7_1330,0.905566070258327,0.0,13.0,0.2042251603520541,0.08241616196485321,1.0520950125278308,5.0,0.8431674431625429,0.737771512767225,0.0,12.0,0.5639939797671176,1.256016516913893,0.0,13.0,0.48192019125121266,0.6606680713902909,0.0,11.0,0.8993210126354508,1.3827060569270013,0.0,12.0,0.3372453797382602,0.6744907594764454,0.0,10.0,0.22483025315884844,0.5058680696072592
E3003161ABV40298001001K21800896,V,4,L,V_L,0,6.3,-38.1,1.488,1341.0,157.0,2.087,5.63,0.8,0.5093182961612293,0.6573383488442546,0.6549270681569787,1,2.496921329654974,186.54813920574193,408.0,常温静态|DC_Pre|PAR:DC_Pre_IGSS_1_N30_V_L_97,2.676879153451093,5.2627342249457865,4.473267972602397,10.984563797190068,RG,5.2627342249457865,0.0,10.0,0.0,0.0,0.0,16.0,0.1686226898691488,0.9555285759251765,0.0,14.0,0.6744907594766012,0.0,3.5972840505418784,2.0,2.3607176581680833,0.9796175316207684,2.9087414002428122,1.0,8.99321012635422,5.6849935441598864,0.6744907594765952,8.0,1.348981518953209,4.58653716444095,2.121320343559643,2.0,7.082152974503426,0.4192780396746466
E3003161ABV40298001001K21800896,V,3,H,V_H,0,6.4,-35.7,1.495,1341.0,167.0,2.166,5.591,0.8,0.47140576116957134,0.6545552068919053,0.6375881132154977,2,3.0,137.93336031230234,408.0,常温动态|VCE|PAR:VCE_V_H_1010,2.4876062322945867,3.8815120259879565,4.75799218855388,9.635582278236878,VTH5_10m,3.8815120259879565,0.0,9.0,0.0,0.0,2.1920949682989344,3.0,1.8548495885606369,2.0796798417195017,2.1213203435596424,1.0,0.0,0.44966050631773147,0.6744907594765952,9.0,0.8768379873195719,0.20877094936180463,0.6744907594765952,9.0,0.1124151265794159,0.6102535442883549,3.597284050541658,1.0,0.7588021044111708,3.64225010117368,5.058680696074913,1.0,6.070416835288608,0.29167167977364394
E3003161ABV40298001001K21800896,U,3,H,U_H,0,6.0,-28.1,1.527,1341.0,128.0,2.244,5.508,0.8,0.3797619522468707,0.6077045361333565,0.5916633321244276,3,2.6318367666896307,387.1576959394363,408.0,常温动态|QRR-50A|PAR:QRR-50A_UH_62,1.6595283061288741,2.7741211978362634,3.741739370146049,8.473290165924704,RG,2.7741211978362634,0.0,3.0,0.0,0.0,2.529340348037232,1.0,1.2365663923737578,2.304510094878367,1.3489815189531964,4.0,0.6744907594765992,1.3489815189531864,0.6744907594765952,7.0,0.700432711764156,2.2322432277915825,2.1358874050091514,3.0,1.9715883738546238,4.400249240394965,0.0,12.0,0.0,0.6744907594765952,0.6744907594765952,7.0,0.5453329544704354,1.804718518599508
E3003161ABV40298001001K21800896,U,4,L,U_L,0,6.0,-28.2,1.527,1341.0,126.0,2.246,5.499,0.8,0.35640336852701104,0.6117726259767692,0.581558778434832,4,3.242927695784365,405.7061918243169,408.0,高温静态|DC_POST|PAR:DC_POST_Vth_1_9P6mA_U_L_87,1.4034023097672066,2.813960624563589,3.741739370146049,8.852691218130303,RG,2.813960624563589,0.0,4.0,0.0,0.0,1.1241512657943253,5.0,1.4613966455326228,2.529340348037232,0.6744907594765952,8.0,0.6744907594765992,1.3489815189531864,0.6744907594765952,8.0,0.6485488071890344,2.2001246201974594,2.0234722784297428,4.0,2.1791239921550862,4.528723670771446,0.6744907594765952,6.0,0.0,0.6744907594765952,0.8560844254895407,4.0,0.8036485644827549,1.9687838384721978
E3003161ABV40298001001K21800896,W,1,H,W_H,0,6.3,-30.0,1.517,1341.0,147.0,2.182,5.603,0.8,0.33321652656797757,0.6009173721540471,0.5700391741709947,5,2.256011798374021,354.6956663105133,408.0,常温动态|Ic_peak|PAR:Ic_peak_W_H_1021,1.1171343746867073,3.102657493592437,4.4391899155200285,5.3959260758126755,VCE5_200,3.102657493592437,0.0,13.0,0.0,0.0,0.6744907594765952,10.0,0.385423291129483,0.1686226898691488,0.0,15.0,1.3489815189531964,0.0,0.6744907594765974,6.0,1.7467581206957943,1.6219896835032361,0.6744907594765952,11.0,0.8584427847883987,0.4175418987236052,2.6979630379060815,2.0,6.74490759476685,0.6744907594766252,0.7935185405607438,6.0,2.5140110125946786,0.07291791994340695
E3003161ABV40298001001K21800896,W,4,L,W_L,0,6.5,-35.7,1.523,1341.0,151.0,2.177,5.657,0.8,0.3151973387860548,0.5818668177765941,0.5600254842313841,6,2.6018809499878017,153.36366069795113,408.0,高温动态|DiDt_off-75A|PAR:DiDt_off-75A_WL_362,1.2783497191506026,1.9399638986850325,4.198559958729971,4.6733515024281695,IGE5_R30,1.9399638986850325,0.0,16.0,0.0,0.0,0.6744907594765952,11.0,0.385423291129483,0.28103781644858133,2.1213203435596424,3.0,0.0,0.8993210126354589,4.046944556859499,1.0,0.2248302531588667,0.20877094936180463,2.24830253158895,2.0,0.24526936708242297,0.09635582278237483,2.1213203435596424,3.0,1.3489815189531904,0.13489815189530707,0.6744907594765952,11.0,0.7971254430178116,0.9114739992927001
E3003161ABV40298001001K21800896,U,1,H,U_H,0,6.3,-32.2,1.527,1341.0,143.0,2.219,5.556,0.8,0.308124915961617,0.5959982994430701,0.5582560421270347,7,2.6318367666896307,387.1576959394363,408.0,常温动态|QRR-50A|PAR:QRR-50A_UH_62,1.2607944382486402,1.8833394111621606,4.00717574012267,6.449817887494918,IGE5_R30,1.8833394111621606,0.0,1.0,0.0,0.0,0.0,13.0,0.44966050631773014,0.6182831961868789,0.6744907594765952,7.0,0.6744907594765952,0.0,2.7822743828409684,3.0,1.4268073758158775,0.9153803164325182,0.6744907594765952,7.0,0.6226068549014796,2.794318860688756,0.0,10.0,0.0,0.6744907594765952,1.638048987300266,3.0,0.8323502989285512,0.9297034792785276
E3003161ABV40298001001K21800896,U,6,L,U_L,0,6.3,-33.3,1.525,1341.0,142.0,2.218,5.558,0.8,0.2770880780910534,0.6001346699196588,0.5447031021329399,8,3.242927695784365,405.7061918243169,408.0,高温静态|DC_POST|PAR:DC_POST_Vth_1_9P6mA_U_L_87,1.1520214985756017,1.3041390014275502,4.132055730401197,6.365506542560353,RG,1.3041390014275502,0.0,6.0,0.0,0.0,0.6744907594765952,7.0,0.3372453797382976,0.7306983227663114,1.3489815189531964,5.0,0.6744907594765952,0.0,1.2365663923737562,5.0,1.9975303261422248,0.5620756328971613,0.6744907594765952,8.0,0.7263746640517108,2.7300816455005155,0.674490759476745,5.0,2.61861468283195,0.40469445568595114,0.6744907594765952,8.0,0.8897537678201692,0.8932445193068241
E3003161ABV40298001001K21800896,V,1,H,V_H,0,6.5,-37.2,1.514,1341.0,150.0,2.174,5.606,0.8,0.2689698562756948,0.6118091258060937,0.5422173479046721,9,3.0,137.93336031230234,408.0,常温动态|VCE|PAR:VCE_V_H_1010,0.9871252561458319,1.7079069588175364,4.533905633938644,5.974061012506869,IGE5_R30,1.7079069588175364,0.0,7.0,0.0,0.0,0.6744907594765952,8.0,1.011736139214893,0.1686226898691488,0.0,12.0,0.6744907594765952,0.8993210126354589,2.697963037906413,4.0,1.1466342911102139,0.6905500632736572,2.023472278429486,5.0,0.7869058860560111,0.09635582278237483,0.6744907594765952,7.0,0.8431134493457557,1.0791852151625763,0.0,14.0,1.0117361392148179,0.01822947998584364
E3003161ABV40298001001K21800896,V,5,L,V_L,0,6.2,-36.2,1.497,1341.0,162.0,2.156,5.61,0.8,0.2568921446137835,0.6357065297011315,0.5391721180463157,10,2.496921329654974,186.54813920574193,408.0,常温静态|DC_Pre|PAR:DC_Pre_IGSS_1_N30_V_L_97,0.9674726831242504,1.4670174018615947,4.257302235777095,9.250158987107401,ICES7_1330,1.4670174018615947,0.0,11.0,0.0,0.0,1.6862268986914881,4.0,1.011736139214893,1.5176042088223392,0.6744907594765952,9.0,1.3489815189531964,0.44966050631772747,0.6744907594765952,10.0,0.20234722784297665,0.36936398733242215,0.0,16.0,1.2365663923736747,1.2526256961708158,0.0,15.0,0.5901794145420196,3.3724537973830357,0.0,15.0,0.3372453797383725,0.05468843995757949
E3003161ABV40298001001K21800896,W,2,H,W_H,0,6.3,-32.2,1.522,1341.0,138.0,2.179,5.623,0.8,0.2038032698901253,0.5716344646332526,0.5088749179138817,11,2.256011798374021,354.6956663105133,408.0,常温动态|Ic_peak|PAR:Ic_peak_W_H_1021,0.46524009494467305,1.9463876202038892,4.017633190847148,4.432367847988962,ICES7_1330,1.9463876202038892,0.0,14.0,0.0,0.0,2.3607176581680833,2.0,2.1198281012121565,1.1803588290840417,0.0,16.0,1.3489815189531964,0.0,0.0,17.0,0.9857941869273281,0.9153803164325182,0.0,17.0,0.4905387341647915,0.22483025315885558,0.6744907594765952,9.0,0.0,0.0,0.0,17.0,1.287664177182623,0.29167167977367636
E3003161ABV40298001001K21800896,W,3,H,W_H,1,6.5,-34.4,1.521,1341.0,145.0,2.173,5.64,0.8,0.19741269305436396,0.5860500153030095,0.5074407134047647,12,2.256011798374021,354.6956663105133,408.0,常温动态|Ic_peak|PAR:Ic_peak_W_H_1021,0.6309234860428488,1.2243904583924767,4.288573315782227,4.6733515024281695,IGE4_30,1.2243904583924767,0.0,15.0,0.0,0.0,0.0,17.0,0.770846582258966,0.39345294302801387,2.1213203435596424,2.0,0.0,0.8993210126354589,0.6744907594765952,11.0,0.22483025315886426,0.20877094936180235,1.3489815189530905,6.0,0.24526936708236852,0.1605930379706152,0.0,16.0,1.34898151895349,0.13489815189533702,0.6744907594765952,10.0,0.2452693670824329,0.6015728395331802
E3003161ABV40298001001K21800896,U,2,H,U_H,0,6.2,-28.9,1.527,1341.0,147.0,2.225,5.522,0.8,0.18254895972629082,0.606910334163587,0.5028380652931896,13,2.6318367666896307,387.1576959394363,408.0,常温动态|QRR-50A|PAR:QRR-50A_UH_62,0.6214332903932249,0.9539226455454765,3.873475846606322,7.883110751382674,RG,0.9539226455454765,0.0,2.0,0.0,0.0,0.6744907594765952,6.0,0.8993210126354603,0.1686226898691488,0.0,10.0,0.22483025315886507,0.44966050631772747,0.0,13.0,0.2853614751631755,1.9752943670385952,0.0,13.0,0.0,3.179742151818255,0.0,11.0,0.0,0.6744907594765952,0.0,12.0,0.14350867222905792,1.5495057987975513
E3003161ABV40298001001K21800896,W,5,L,W_L,0,6.6,-36.9,1.522,1341.0,153.0,2.164,5.648,0.8,0.18391816578231093,0.5918372693265866,0.5019469015346987,14,2.6018809499878017,153.36366069795113,408.0,高温动态|DiDt_off-75A|PAR:DiDt_off-75A_WL_362,0.6564669530067876,0.8623846139022024,4.389714201677697,4.805087978888442,RG,0.8623846139022024,0.0,17.0,0.0,0.0,0.6744907594765952,12.0,0.770846582258966,0.5058680696074463,0.0,17.0,0.6744907594765952,1.3489815189531864,0.0,18.0,0.6399014897598463,0.5941942404912853,0.6744907594765952,12.0,1.3489815189531358,0.7387279746648356,0.0,17.0,0.0,0.0,0.8431134493456317,5.0,0.24526936708237845,0.7474086794200102
E3003161ABV40298001001K21800896,V,6,L,V_L,0,6.4,-36.5,1.511,1341.0,155.0,2.172,5.61,0.8,0.17371560136293798,0.6136299858504843,0.4995350191983706,15,2.496921329654974,186.54813920574193,408.0,常温静态|DC_Pre|PAR:DC_Pre_IGSS_1_N30_V_L_97,0.538187418499034,1.0648522865236754,4.412738317278709,6.552195949201106,VCE5_200,1.0648522865236754,0.0,12.0,0.0,0.0,0.6744907594765952,9.0,0.1686226898691488,0.7306983227663114,0.6744907594766012,6.0,0.0,0.44966050631773147,0.0,16.0,0.20234722784297665,0.46571981011479174,0.6744907594765952,10.0,0.5620756328971793,0.22483025315885558,1.049207848074674,4.0,0.5901794145420196,1.4838796708485573,0.0,16.0,0.3372453797383725,0.05468843995757949
E3003161ABV40298001001K21800896,U,5,L,U_L,0,6.1,-30.0,1.526,1341.0,136.0,2.225,5.532,0.8,0.16896561411834515,0.603148280179145,0.49634935437116984,16,3.242927695784365,405.7061918243169,408.0,高温静态|DC_POST|PAR:DC_POST_Vth_1_9P6mA_U_L_87,0.5319026717246056,0.9539226455454765,3.9039634311585436,7.461554026709811,RG,0.9539226455454765,0.0,5.0,0.0,0.0,0.0,14.0,0.3372453797382976,1.4051890822429065,0.0,11.0,0.22483025315886906,0.8993210126354589,0.0,14.0,0.2853614751631755,1.6219896835032361,0.0,14.0,0.0,3.179742151818255,0.0,13.0,1.3093073414158296,0.5395926075812881,0.0,13.0,0.14350867222905792,1.3672109989390178
E3003161ABV40298001001K21800896,W,6,L,W_L,0,6.6,-37.1,1.522,1341.0,152.0,2.167,5.653,0.8,0.14591749733332865,0.5922605911014981,0.4848889329101478,17,2.6018809499878017,153.36366069795113,408.0,高温动态|DiDt_off-75A|PAR:DiDt_off-75A_WL_362,0.4911957056837674,0.6783202857666638,4.405513938371926,4.805087978888442,IGE5_R30,0.6783202857666638,0.0,18.0,0.0,0.0,0.0,18.0,0.5781349366942244,0.39345294302801387,0.0,18.0,0.6744907594765952,1.3489815189531864,0.6744907594765951,12.0,0.7090800291933441,0.6584314556795333,0.0,18.0,0.981077468329583,0.5460163291001146,0.0,18.0,0.0,0.0,0.0,18.0,0.5518560759353787,0.838556079349277
E3003161ABV40298001001K21800896,V,2,H,V_H,0,6.5,-36.0,1.511,1341.0,154.0,2.168,5.608,0.8,0.12773129022919033,0.6155438437894465,0.4790334649820804,18,3.0,137.93336031230234,408.0,常温动态|VCE|PAR:VCE_V_H_1010,0.41586001217730273,0.592708754890072,4.465537210812085,6.552195949201106,VCE5_200,0.592708754890072,0.0,8.0,0.0,0.0,0.0,15.0,0.3372453797382976,0.6182831961868789,0.0,13.0,0.6744907594765952,0.8993210126354589,0.0,15.0,0.47214353163361855,0.3051267721441742,0.0,15.0,0.11241512657946581,0.4817791139118456,0.0,14.0,0.5901794145420196,1.4838796708485573,0.6744907594765952,9.0,0.3372453797383725,0.01822947998585983
E3003161ABV40298001001K22002764,U,6,L,U_L,0,6.6,-31.4,1.527,1340.0,64.0,2.215,5.71,0.8,0.4295350400236393,0.5464120786208313,0.6079319758727209,1,3.3722791493353927,165.96411073721703,408.0,常温动态|DirrDt-800A|PAR:DirrDt-800A_UL_576,2.156038150517921,2.9351069230479743,3.473442328674591,4.805087978888442,BVCE3_1m,2.9351069230479743,2.1213203435596424,1.0,2.683281572999748,4.365641250653994,1.011736139214893,3.0,2.86658572777553,2.1583704303251046,0.6744907594766012,3.0,2.6186146828319106,0.6744907594766012,0.6744907594765979,6.0,1.3336521835105415,1.6706617273189521,2.1213203435596424,2.0,0.981077468329583,4.309246518878305,0.6744907594765952,8.0,0.3372453797382602,0.8768379873195663,0.8243775949158164,6.0,1.6440712262241868,1.3489815189531904
E3003161ABV40298001001K22002764,V,3,H,V_H,0,6.4,-39.0,1.511,1341.0,75.0,2.394,5.746,0.8,0.4075564235757424,0.623544324916315,0.6057548231007156,2,2.8439868510628896,213.5360903784802,408.0,常温动态|DvDt_off-400A|PAR:DvDt_off-400A_VH_636,1.277035837942364,5.141459107465399,4.740157334838451,6.552195949201106,VTH5_10m,5.141459107465399,0.0,9.0,0.0,0.0,0.9635582278237074,6.0,0.8993210126354604,0.6744907594765952,0.6744907594765952,7.0,2.0234722784297854,2.0234722784297916,0.0,15.0,1.2140833670578617,0.09339102823522147,1.3489815189530407,5.0,1.4613966455325564,0.16237740505918097,0.6744907594765952,9.0,1.7986420252709874,1.2815324430055384,8.768379873196936,1.0,2.7592803796772776,1.6862268986915254
E3003161ABV40298001001K22002764,W,1,H,W_H,0,6.8,-43.0,1.52,1341.0,80.0,2.408,5.716,0.8,0.3807092202342653,0.623019070408024,0.5936210561462218,3,3.0,67.89873645397469,408.0,常温动态|Erec-50A|PAR:Erec-50A_WH_316,1.1675798907689265,4.559504003049661,5.095058942561387,5.310844493714344,RG,4.559504003049661,0.0,13.0,0.0,0.0,0.6744907594765952,11.0,1.011736139214893,0.0,0.0,15.0,1.3489815189531904,0.6744907594765952,0.8431134493457421,4.0,1.9752943670385894,0.7367514449667419,9.44287063267353,1.0,0.6263128480853946,0.5121133544174143,0.0,17.0,0.16862268986921433,0.06744907594765204,1.8548495885608614,2.0,0.6131734177059758,0.8431134493457253
E3003161ABV40298001001K22002764,V,6,L,V_L,0,6.7,-40.3,1.517,1341.0,97.0,2.384,5.718,0.8,0.3404119346107333,0.6171590053734739,0.5749012711121775,4,2.3967220883209532,54.05425945664233,408.0,高温动态|DvDt_on-400A|PAR:DvDt_on-400A_VL_726,1.1932865686407155,3.0544054623374186,4.910538029159451,5.3959260758126755,IGE5_R30,3.0544054623374186,0.0,12.0,0.0,0.0,1.011736139214893,4.0,1.0791852151625525,2.2932685822204237,0.6744907594766012,4.0,2.0234722784297974,0.0,5.395926075812666,1.0,2.2932685822203758,0.17640527555541605,0.0,16.0,0.786905886056061,0.08743398733956666,1.34898151895334,3.0,0.8993210126354937,0.4721435316336241,0.6744907594765952,10.0,0.6744907594765952,0.6744907594765952
E3003161ABV40298001001K22002764,W,5,L,W_L,0,6.6,-45.6,1.525,1341.0,84.0,2.408,5.717,0.8,0.2980232250392415,0.6219610198251936,0.5563065532501781,5,2.4781513171840723,111.64219977646748,408.0,高温静态|DC_Pre|PAR:DC_Pre_IGSS_1_P30_W_L_169,1.0047896171366428,2.4669499527858774,4.963322466101115,5.721637647764274,VCE5_200,2.4669499527858774,0.0,17.0,0.0,0.0,0.0,18.0,0.3372453797382976,0.5395926075812761,2.1213203435596424,2.0,1.3489815189532024,0.6744907594766012,0.0,18.0,0.529957025303041,1.2763440525480183,0.0,18.0,0.6263128480853946,0.5121133544174143,4.04694455686002,1.0,1.8548495885607585,0.6070416835289282,0.0,18.0,0.49053873416484595,0.7588021044111977
E3003161ABV40298001001K22002764,U,3,H,U_H,0,6.8,-36.5,1.526,1341.0,71.0,2.237,5.737,0.8,0.28590726859543286,0.57405751696013,0.5460640225639578,6,2.4591552555065435,809.3889113737953,408.0,常温动态|Energy|PAR:Energy_U_H_1003,1.0596849528456185,1.9280897467866092,3.9726914371597646,5.068560931808987,RG,1.9280897467866092,0.0,4.0,0.0,0.0,2.023472278429786,2.0,0.5058680696074465,1.2140833670578715,0.0,11.0,0.0,0.6744907594765952,1.059914050606086,3.0,0.22994003163974844,0.6122300739864486,1.5738117721119722,4.0,0.36790405062360726,3.7596614556010666,0.0,13.0,1.0117361392147806,0.7419398354242622,0.0,13.0,0.6323350870093314,0.9274247942803278
E3003161ABV40298001001K22002764,W,6,L,W_L,0,6.7,-44.3,1.519,1341.0,80.0,2.403,5.713,0.8,0.2698554351045732,0.6221765570889543,0.5436526015059534,7,2.4781513171840723,111.64219977646748,408.0,高温静态|DC_Pre|PAR:DC_Pre_IGSS_1_P30_W_L_169,1.074695067511739,1.4670174018615947,5.008869635144546,5.516241070739309,ICES7_1330,1.4670174018615947,0.0,18.0,0.0,0.0,2.697963037906381,1.0,1.011736139214893,0.0,0.0,18.0,0.0,0.0,1.7536759746391533,2.0,0.7226686708677776,1.0065477487573795,0.6744907594765952,11.0,1.1080919619972298,0.38720765821804604,0.0,18.0,0.16862268986913945,0.20234722784298603,0.6744907594765952,12.0,0.981077468329583,1.0960474841494579
E3003161ABV40298001001K22002764,U,5,L,U_L,0,6.7,-33.2,1.531,1341.0,70.0,2.225,5.721,0.8,0.2738519520649012,0.5360891565808057,0.5368422940872861,8,3.3722791493353927,165.96411073721703,408.0,常温动态|DirrDt-800A|PAR:DirrDt-800A_UL_576,0.9626396843110777,1.9256711183055517,3.230216667793167,4.936824455348715,VCE5_200,1.9256711183055517,0.0,6.0,0.0,0.0,0.0,14.0,0.8431134493457441,1.3489815189531904,0.0,12.0,1.3093073414159495,0.0,0.0,14.0,0.7817961075751438,1.2970976143780677,0.0,14.0,0.36790405062358,4.059435126479557,2.023472278429486,2.0,2.3607176581681206,1.4164305949008424,0.0,14.0,0.716646431943859,0.42155672467286265
E3003161ABV40298001001K22002764,U,2,H,U_H,0,6.8,-37.6,1.524,1341.0,74.0,2.251,5.743,0.8,0.25830132075145373,0.5863346938608108,0.5348690637242353,9,2.4591552555065435,809.3889113737953,408.0,常温动态|Energy|PAR:Energy_U_H_1003,1.0267014029407764,1.3295643607258447,4.252301634542757,5.068560931808987,RG,1.3295643607258447,0.0,3.0,0.0,0.0,0.0,13.0,0.5058680696074465,0.8093889113719143,0.0,10.0,0.0,0.6744907594765952,0.0,13.0,0.5671854113780466,0.38394089385590835,0.0,12.0,1.2263468354119789,3.4099255062428333,0.6744907594765952,7.0,2.360717658167971,0.4721435316336241,0.6744907594765952,7.0,1.1382031566167965,1.4332928638877929
E3003161ABV40298001001K22002764,W,4,L,W_L,0,6.7,-46.1,1.518,1341.0,85.0,2.421,5.725,0.8,0.23121059255861143,0.6351683573531206,0.5275616023866873,10,2.4781513171840723,111.64219977646748,408.0,高温静态|DC_Pre|PAR:DC_Pre_IGSS_1_P30_W_L_169,0.8627291028141191,1.1967928499697087,5.311002299801117,5.800636331235414,RG,1.1967928499697087,0.0,16.0,0.0,0.0,0.6744907594765952,12.0,0.6744907594765952,0.6744907594765952,0.0,17.0,0.0,0.0,0.6744907594765952,11.0,1.0117361392148927,1.3801118616982637,1.7536759746391715,3.0,0.6263128480853946,0.8368681645357762,0.6744907594765952,12.0,0.5058680696074184,0.3372453797382901,1.34898151895334,3.0,0.49053873416473703,0.08431134493460249
E3003161ABV40298001001K22002764,V,4,L,V_L,0,6.5,-39.5,1.515,1341.0,77.0,2.387,5.743,0.8,0.22762245557093327,0.6147112084694181,0.5239012258538618,11,2.3967220883209532,54.05425945664233,408.0,高温动态|DvDt_on-400A|PAR:DvDt_on-400A_VL_726,0.7408156841584613,1.5674245490110041,4.715602605922266,5.781349366942153,VTH5_10m,1.5674245490110041,0.0,10.0,0.0,0.0,0.6744907594765952,10.0,0.7194568101083683,0.40469445568595713,0.6744907594765952,8.0,0.6744907594765952,1.3489815189531964,0.0,16.0,0.13489815189530946,0.010376780915023953,0.6744907594765952,8.0,0.11241512657946581,0.012490569619941263,0.0,16.0,0.0,0.7419398354242622,1.1990946835139027,4.0,2.3913763290536405,1.4332928638877929
E3003161ABV40298001001K22002764,W,3,H,W_H,0,6.7,-45.7,1.522,1341.0,85.0,2.423,5.731,0.8,0.21970662596993903,0.6306859092750604,0.5219365726139786,12,3.0,67.89873645397469,408.0,常温动态|Erec-50A|PAR:Erec-50A_WH_316,0.8377397592290353,0.954594154601839,5.2006714058930985,5.737437384458501,IGE4_30,0.954594154601839,0.0,15.0,0.0,0.0,1.011736139214893,5.0,0.6744907594765952,0.6744907594765952,2.1213203435596424,1.0,0.0,0.0,0.6744907594765952,10.0,0.6263128480854128,1.2970976143780677,0.6744907594765952,10.0,0.8190244936501543,0.8868304430155302,0.6744907594765952,11.0,0.843113449345847,0.20234722784298603,0.6744907594765952,11.0,1.2263468354119516,0.42155672467286265
E3003161ABV40298001001K22002764,U,1,H,U_H,1,6.8,-38.3,1.528,1341.0,75.0,2.257,5.729,0.8,0.2289884034737612,0.5720634601958385,0.5202511275827765,13,2.4591552555065435,809.3889113737953,408.0,常温动态|Energy|PAR:Energy_U_H_1003,0.7039997302037115,1.6800951645144393,3.9221774218430787,5.068560931808987,RG,1.6800951645144393,0.0,2.0,0.0,0.0,0.6744907594765952,7.0,0.8431134493457441,0.6744907594765952,0.0,9.0,0.0,0.6744907594765952,0.6744907594765953,7.0,0.7817961075751438,0.23866596104556564,0.6744907594765952,6.0,1.594250886035586,3.2600386708035827,0.6744907594765952,6.0,0.33724537973840996,1.0117361392149002,0.899321012635427,5.0,0.0421556724672638,0.25293403480373255
E3003161ABV40298001001K22002764,V,1,H,V_H,0,6.6,-39.5,1.521,1341.0,92.0,2.39,5.718,0.8,0.2215313206137059,0.6043174969755973,0.5201208439737274,14,2.8439868510628896,213.5360903784802,408.0,常温动态|DvDt_off-400A|PAR:DvDt_off-400A_VH_636,0.8105130626377095,1.1500067449076177,4.733928489490863,4.805087978888442,VCE5_200,1.1500067449076177,0.0,7.0,0.0,0.0,0.6744907594765952,9.0,0.6295247088448223,1.6187778227438285,0.6744907594765952,6.0,0.6744907594765952,0.6744907594766012,0.6744907594765952,9.0,0.13489815189530946,0.010376780915023953,0.0,15.0,0.5620756328971294,0.06245284809968413,1.011736139214893,5.0,2.6979630379064807,0.06744907594765204,0.6744907594765952,9.0,0.6744907594765952,0.6744907594765952
E3003161ABV40298001001K22002764,U,4,L,U_L,0,6.8,-35.0,1.528,1341.0,74.0,2.225,5.73,0.8,0.20569847924872417,0.5594981033167132,0.5085141259935972,15,3.3722791493353927,165.96411073721703,408.0,常温动态|DirrDt-800A|PAR:DirrDt-800A_UL_576,0.6554352163417321,1.3098065505997623,3.661481766388316,5.068560931808987,RG,1.3098065505997623,0.0,5.0,0.0,0.0,0.6744907594765952,8.0,0.5058680696074465,0.8093889113719143,0.6744907594765952,5.0,0.0,0.6744907594765952,0.6744907594765952,8.0,0.22994003163974844,0.9235335014371848,0.0,13.0,0.36790405062358,4.059435126479557,0.0,14.0,0.33724537973840996,1.0117361392149002,0.6744907594765952,8.0,0.04215567246733868,0.33724537973833507
E3003161ABV40298001001K22002764,V,2,H,V_H,0,6.5,-38.4,1.515,1341.0,85.0,2.388,5.72,0.8,0.16308911615145966,0.61264384163068,0.4946544864312249,16,2.8439868510628896,213.5360903784802,408.0,常温动态|DvDt_off-400A|PAR:DvDt_off-400A_VH_636,0.45434446992519806,1.137814027332435,4.668813292455184,5.781349366942153,IGE5_R30,1.137814027332435,0.0,8.0,0.0,0.0,0.0,15.0,0.0,0.6744907594765952,0.0,13.0,0.6744907594765952,1.3489815189531964,0.8093889113719162,5.0,2.832861189801671,0.21791239921551628,0.6744907594765952,7.0,0.11241512657936598,0.01249056961993017,0.0,15.0,0.0,0.7419398354242622,0.0,15.0,0.42922139239420687,0.5058680696074651
E3003161ABV40298001001K22002764,W,2,H,W_H,0,6.8,-44.5,1.517,1341.0,82.0,2.422,5.727,0.8,0.1535158132802869,0.6363741740559353,0.4927195333817227,17,3.0,67.89873645397469,408.0,常温动态|Erec-50A|PAR:Erec-50A_WH_316,0.49324916281613906,0.8077026844732489,5.41879016935429,5.547840544127765,VCE5_200,0.8077026844732489,0.0,14.0,0.0,0.0,0.0,17.0,0.3372453797382976,0.26979630379063807,0.0,16.0,1.3489815189531904,0.6744907594765952,0.0,17.0,0.5299570253030342,1.048054872417478,0.0,17.0,0.7226686708677958,0.8618493037756587,1.0117361392149302,4.0,0.8431134493457721,0.4721435316336241,0.0,17.0,0.7358081012472145,0.08431134493460249
E3003161ABV40298001001K22002764,V,5,L,V_L,0,6.6,-39.4,1.514,1341.0,85.0,2.381,5.727,0.8,0.1539523275820675,0.6184584374828181,0.4911243911602122,18,2.3967220883209532,54.05425945664233,408.0,高温动态|DvDt_on-400A|PAR:DvDt_on-400A_VL_726,0.5249786411259456,0.7175832246653895,4.773570975805288,5.974061012506869,RG,0.7175832246653895,0.0,11.0,0.0,0.0,0.0,16.0,0.0,0.6744907594765952,0.0,14.0,0.6744907594765952,0.6744907594766012,0.6744907594765951,12.0,0.1348981518953286,0.010376780915025427,0.6744907594765952,9.0,1.4613966455326561,0.16237740505919204,0.6744907594765952,10.0,0.4496605063176969,0.8768379873195663,0.0,16.0,0.4292213923943158,0.08431134493460249
