sample_id,module_id,group_module_id,label_damaged,label_role,chip_BVCE3_1m,chip_ICES7_1330,chip_IGE4_30,chip_IGE5_R30,chip_RG,chip_VCE5_200,chip_VTH5_10m,chip_position,dbc_location,label_note,process_anomaly_feature_count_z_ge_2,process_anomaly_max_z,process_anomaly_score,source_row,top_anomaly_features
E3003161ABV40298001001K21200697__row_2,E3003161ABV40298001001K21200697,E3003161ABV40298001001K21200697,0,candidate_negative,1347.094,91.966,2.977,-8.679,2.515,1.55,5.638,1,U,uncolored chip row; temporary candidate negative under chip-independence assumption,1,3.0093,175.5056,2,chip_RG:3.01
E3003161ABV40298001001K21200697__row_3,E3003161ABV40298001001K21200697,E3003161ABV40298001001K21200697,0,candidate_negative,1349.455,86.501,2.343,-8.191,2.5,1.547,5.637,2,U,uncolored chip row; temporary candidate negative under chip-independence assumption,1,2.8536,170.2933,3,chip_RG:2.85
E3003161ABV40298001001K21200697__row_4,E3003161ABV40298001001K21200697,E3003161ABV40298001001K21200697,0,candidate_negative,1349.991,89.575,2.343,-7.655,2.487,1.546,5.644,3,U,uncolored chip row; temporary candidate negative under chip-independence assumption,1,2.7187,163.7157,4,chip_RG:2.72
E3003161ABV40298001001K21200697__row_5,E3003161ABV40298001001K21200697,E3003161ABV40298001001K21200697,0,candidate_negative,1348.517,98.602,2.392,-7.313,2.48,1.549,5.646,4,U,uncolored chip row; temporary candidate negative under chip-independence assumption,1,2.6461,160.0218,5,chip_RG:2.65
E3003161ABV40298001001K21200697__row_6,E3003161ABV40298001001K21200697,E3003161ABV40298001001K21200697,0,candidate_negative,1350.338,94.357,3.026,-8.484,2.465,1.534,5.646,5,U,uncolored chip row; temporary candidate negative under chip-independence assumption,1,2.4904,148.6458,6,chip_RG:2.49
E3003161ABV40298001001K21200697__row_7,E3003161ABV40298001001K21200697,E3003161ABV40298001001K21200697,0,candidate_negative,1348.489,91.039,3.172,-8.484,2.475,1.549,5.653,6,U,uncolored chip row; temporary candidate negative under chip-independence assumption,1,2.5942,154.2614,7,chip_RG:2.59
E3003161ABV40298001001K21200697__row_8,E3003161ABV40298001001K21200697,E3003161ABV40298001001K21200697,0,candidate_negative,1352.369,98.749,2.196,-9.997,2.452,1.543,5.631,1,V,uncolored chip row; temporary candidate negative under chip-independence assumption,1,2.3555,149.3691,8,chip_RG:2.36
E3003161ABV40298001001K21200697__row_9,E3003161ABV40298001001K21200697,E3003161ABV40298001001K21200697,0,candidate_negative,1349.549,100.652,2.343,-9.411,2.458,1.545,5.626,2,V,uncolored chip row; temporary candidate negative under chip-independence assumption,1,2.4178,150.4167,9,chip_RG:2.42
E3003161ABV40298001001K21200697__row_10,E3003161ABV40298001001K21200697,E3003161ABV40298001001K21200697,0,candidate_negative,1353.232,106.458,3.27,-9.509,2.454,1.544,5.631,3,V,uncolored chip row; temporary candidate negative under chip-independence assumption,2,2.3763,155.7093,10,chip_RG:2.38; chip_BVCE3_1m:2.11
E3003161ABV40298001001K21200697__row_11,E3003161ABV40298001001K21200697,E3003161ABV40298001001K21200697,1,marked_damaged,1354.219,111.142,2.879,-9.118,2.445,1.546,5.631,4,V,colored chip row; treated as temporary damaged label,2,2.3263,155.8859,11,chip_BVCE3_1m:2.33; chip_RG:2.28
E3003161ABV40298001001K21200697__row_12,E3003161ABV40298001001K21200697,E3003161ABV40298001001K21200697,0,candidate_negative,1349.847,98.553,2.782,-8.923,2.455,1.545,5.628,5,V,uncolored chip row; temporary candidate negative under chip-independence assumption,1,2.3867,148.1175,12,chip_RG:2.39
E3003161ABV40298001001K21200697__row_13,E3003161ABV40298001001K21200697,E3003161ABV40298001001K21200697,0,candidate_negative,1351.36,95.479,2.538,-9.362,2.456,1.543,5.629,6,V,uncolored chip row; temporary candidate negative under chip-independence assumption,1,2.397,149.6984,13,chip_RG:2.40
E3003161ABV40298001001K21200697__row_14,E3003161ABV40298001001K21200697,E3003161ABV40298001001K21200697,0,candidate_negative,1349.879,88.209,2.635,-9.899,2.44,1.533,5.693,1,W,uncolored chip row; temporary candidate negative under chip-independence assumption,1,2.231,130.2363,14,chip_RG:2.23
E3003161ABV40298001001K21200697__row_15,E3003161ABV40298001001K21200697,E3003161ABV40298001001K21200697,0,candidate_negative,1347.946,80.353,2.928,-10.631,2.452,1.546,5.684,2,W,uncolored chip row; temporary candidate negative under chip-independence assumption,1,2.3555,138.0446,15,chip_RG:2.36
E3003161ABV40298001001K21200697__row_16,E3003161ABV40298001001K21200697,E3003161ABV40298001001K21200697,0,candidate_negative,1350.668,83.623,2.733,-11.363,2.47,1.55,5.676,3,W,uncolored chip row; temporary candidate negative under chip-independence assumption,1,2.5423,151.9372,16,chip_RG:2.54
E3003161ABV40298001001K21200697__row_17,E3003161ABV40298001001K21200697,E3003161ABV40298001001K21200697,0,candidate_negative,1354.191,95.919,2.392,-12.729,2.477,1.545,5.673,4,W,uncolored chip row; temporary candidate negative under chip-independence assumption,2,2.6149,164.6694,17,chip_RG:2.61; chip_BVCE3_1m:2.32
E3003161ABV40298001001K21200697__row_18,E3003161ABV40298001001K21200697,E3003161ABV40298001001K21200697,0,candidate_negative,1348.079,94.65,2.977,-13.607,2.498,1.547,5.663,5,W,uncolored chip row; temporary candidate negative under chip-independence assumption,1,2.8329,163.85,18,chip_RG:2.83
E3003161ABV40298001001K21200697__row_19,E3003161ABV40298001001K21200697,E3003161ABV40298001001K21200697,0,candidate_negative,1354.463,95.675,2.294,-14.486,2.519,1.544,5.655,6,W,uncolored chip row; temporary candidate negative under chip-independence assumption,2,3.0508,187.9034,19,chip_RG:3.05; chip_BVCE3_1m:2.38
E3003161ABV40298001001K21201308__row_20,E3003161ABV40298001001K21201308,E3003161ABV40298001001K21201308,1,marked_damaged,1350.05,44.441,3.27,-4.093,2.151,1.545,5.707,1,U,colored chip row; treated as temporary damaged label,0,1.4034,89.5834,20,
E3003161ABV40298001001K21201308__row_21,E3003161ABV40298001001K21201308,E3003161ABV40298001001K21201308,0,candidate_negative,1350.833,41.318,3.026,-4.288,2.153,1.546,5.706,2,U,uncolored chip row; temporary candidate negative under chip-independence assumption,0,1.5768,99.0336,21,
E3003161ABV40298001001K21201308__row_22,E3003161ABV40298001001K21201308,E3003161ABV40298001001K21201308,0,candidate_negative,1354.34,43.221,2.928,-4.727,2.17,1.548,5.702,3,U,uncolored chip row; temporary candidate negative under chip-independence assumption,1,2.3531,141.9523,22,chip_BVCE3_1m:2.35
E3003161ABV40298001001K21201308__row_23,E3003161ABV40298001001K21201308,E3003161ABV40298001001K21201308,0,candidate_negative,1352.455,50.833,2.343,-7.02,2.174,1.545,5.718,4,U,uncolored chip row; temporary candidate negative under chip-independence assumption,0,1.9358,116.2403,23,
E3003161ABV40298001001K21201308__row_24,E3003161ABV40298001001K21201308,E3003161ABV40298001001K21201308,0,candidate_negative,1349.869,43.319,2.879,-5.41,2.184,1.539,5.695,5,U,uncolored chip row; temporary candidate negative under chip-independence assumption,0,1.3634,83.7585,24,
E3003161ABV40298001001K21201308__row_25,E3003161ABV40298001001K21201308,E3003161ABV40298001001K21201308,0,candidate_negative,1346.42,40.294,2.733,-4.337,2.164,1.547,5.695,6,U,uncolored chip row; temporary candidate negative under chip-independence assumption,0,1.0168,68.2279,25,
E3003161ABV40298001001K21201308__row_26,E3003161ABV40298001001K21201308,E3003161ABV40298001001K21201308,0,candidate_negative,1351.33,45.271,2.538,-7.118,2.164,1.546,5.709,1,V,uncolored chip row; temporary candidate negative under chip-independence assumption,0,1.6868,103.9833,26,
E3003161ABV40298001001K21201308__row_27,E3003161ABV40298001001K21201308,E3003161ABV40298001001K21201308,0,candidate_negative,1355.302,41.172,2.831,-5.508,2.16,1.548,5.711,2,V,uncolored chip row; temporary candidate negative under chip-independence assumption,1,2.566,154.1644,27,chip_BVCE3_1m:2.57
E3003161ABV40298001001K21201308__row_28,E3003161ABV40298001001K21201308,E3003161ABV40298001001K21201308,0,candidate_negative,1351.604,42.831,2.245,-4.678,2.16,1.551,5.709,3,V,uncolored chip row; temporary candidate negative under chip-independence assumption,0,1.7474,109.8359,28,
E3003161ABV40298001001K21201308__row_29,E3003161ABV40298001001K21201308,E3003161ABV40298001001K21201308,0,candidate_negative,1352.196,42.05,3.319,-5.069,2.16,1.545,5.713,4,V,uncolored chip row; temporary candidate negative under chip-independence assumption,0,1.8785,113.3736,29,
E3003161ABV40298001001K21201308__row_30,E3003161ABV40298001001K21201308,E3003161ABV40298001001K21201308,0,candidate_negative,1348.593,42.002,2.635,-4.239,2.174,1.552,5.707,5,V,uncolored chip row; temporary candidate negative under chip-independence assumption,0,1.0809,75.3623,30,
E3003161ABV40298001001K21201308__row_31,E3003161ABV40298001001K21201308,E3003161ABV40298001001K21201308,0,candidate_negative,1348.886,38.586,2.538,-4.678,2.182,1.548,5.712,6,V,uncolored chip row; temporary candidate negative under chip-independence assumption,0,1.1458,78.1009,31,
E3003161ABV40298001001K21201308__row_32,E3003161ABV40298001001K21201308,E3003161ABV40298001001K21201308,0,candidate_negative,1353.07,41.855,2.977,-5.898,2.173,1.547,5.704,1,W,uncolored chip row; temporary candidate negative under chip-independence assumption,1,2.072,127.465,32,chip_BVCE3_1m:2.07
E3003161ABV40298001001K21201308__row_33,E3003161ABV40298001001K21201308,E3003161ABV40298001001K21201308,0,candidate_negative,1349.522,45.71,2.684,-7.069,2.184,1.545,5.707,2,W,uncolored chip row; temporary candidate negative under chip-independence assumption,0,1.2866,82.2068,33,
E3003161ABV40298001001K21201308__row_34,E3003161ABV40298001001K21201308,E3003161ABV40298001001K21201308,0,candidate_negative,1348.886,43.27,2.489,-8.533,2.186,1.548,5.713,3,W,uncolored chip row; temporary candidate negative under chip-independence assumption,0,1.1458,76.6352,34,
E3003161ABV40298001001K21201308__row_35,E3003161ABV40298001001K21201308,E3003161ABV40298001001K21201308,0,candidate_negative,1350.409,39.22,2.782,-9.362,2.187,1.547,5.717,4,W,uncolored chip row; temporary candidate negative under chip-independence assumption,0,1.4829,93.3037,35,
E3003161ABV40298001001K21201308__row_36,E3003161ABV40298001001K21201308,E3003161ABV40298001001K21201308,0,candidate_negative,1353.556,45.612,2.635,-9.021,2.174,1.548,5.723,5,W,uncolored chip row; temporary candidate negative under chip-independence assumption,1,2.1795,134.2369,36,chip_BVCE3_1m:2.18
E3003161ABV40298001001K21201308__row_37,E3003161ABV40298001001K21201308,E3003161ABV40298001001K21201308,0,candidate_negative,1348.459,43.612,2.635,-7.655,2.174,1.547,5.723,6,W,uncolored chip row; temporary candidate negative under chip-independence assumption,0,1.0512,73.1199,37,
E3003161ABV40298001001K21800896__row_38,E3003161ABV40298001001K21800896,E3003161ABV40298001001K21800896,0,candidate_negative,1341.0,143.0,6.3,-32.2,2.219,1.527,5.556,1,U,uncolored chip row; temporary candidate negative under chip-independence assumption,1,2.5501,148.9224,38,chip_VTH5_10m:2.55
E3003161ABV40298001001K21800896__row_39,E3003161ABV40298001001K21800896,E3003161ABV40298001001K21800896,0,candidate_negative,1341.0,147.0,6.2,-28.9,2.225,1.527,5.522,2,U,uncolored chip row; temporary candidate negative under chip-independence assumption,1,3.1784,179.5169,39,chip_VTH5_10m:3.18
E3003161ABV40298001001K21800896__row_40,E3003161ABV40298001001K21800896,E3003161ABV40298001001K21800896,0,candidate_negative,1341.0,128.0,6.0,-28.1,2.244,1.527,5.508,3,U,uncolored chip row; temporary candidate negative under chip-independence assumption,1,3.4371,190.7738,40,chip_VTH5_10m:3.44
E3003161ABV40298001001K21800896__row_41,E3003161ABV40298001001K21800896,E3003161ABV40298001001K21800896,0,candidate_negative,1341.0,126.0,6.0,-28.2,2.246,1.527,5.499,4,U,uncolored chip row; temporary candidate negative under chip-independence assumption,1,3.6034,198.9932,41,chip_VTH5_10m:3.60
E3003161ABV40298001001K21800896__row_42,E3003161ABV40298001001K21800896,E3003161ABV40298001001K21800896,0,candidate_negative,1341.0,136.0,6.1,-30.0,2.225,1.526,5.532,5,U,uncolored chip row; temporary candidate negative under chip-independence assumption,1,2.9936,169.3822,42,chip_VTH5_10m:2.99
E3003161ABV40298001001K21800896__row_43,E3003161ABV40298001001K21800896,E3003161ABV40298001001K21800896,0,candidate_negative,1341.0,142.0,6.3,-33.3,2.218,1.525,5.558,6,U,uncolored chip row; temporary candidate negative under chip-independence assumption,1,2.5132,147.7745,43,chip_VTH5_10m:2.51
E3003161ABV40298001001K21800896__row_44,E3003161ABV40298001001K21800896,E3003161ABV40298001001K21800896,0,candidate_negative,1341.0,150.0,6.5,-37.2,2.174,1.514,5.606,1,V,uncolored chip row; temporary candidate negative under chip-independence assumption,0,1.6262,105.6231,44,
E3003161ABV40298001001K21800896__row_45,E3003161ABV40298001001K21800896,E3003161ABV40298001001K21800896,0,candidate_negative,1341.0,154.0,6.5,-36.0,2.168,1.511,5.608,2,V,uncolored chip row; temporary candidate negative under chip-independence assumption,0,1.5892,104.9993,45,
E3003161ABV40298001001K21800896__row_46,E3003161ABV40298001001K21800896,E3003161ABV40298001001K21800896,0,candidate_negative,1341.0,167.0,6.4,-35.7,2.166,1.495,5.591,3,V,uncolored chip row; temporary candidate negative under chip-independence assumption,0,1.9034,126.0152,46,
E3003161ABV40298001001K21800896__row_47,E3003161ABV40298001001K21800896,E3003161ABV40298001001K21800896,0,candidate_negative,1341.0,157.0,6.3,-38.1,2.087,1.488,5.63,4,V,uncolored chip row; temporary candidate negative under chip-independence assumption,1,2.1983,145.8081,47,chip_VCE5_200:2.20
E3003161ABV40298001001K21800896__row_48,E3003161ABV40298001001K21800896,E3003161ABV40298001001K21800896,0,candidate_negative,1341.0,162.0,6.2,-36.2,2.156,1.497,5.61,5,V,uncolored chip row; temporary candidate negative under chip-independence assumption,0,1.7487,116.5274,48,
E3003161ABV40298001001K21800896__row_49,E3003161ABV40298001001K21800896,E3003161ABV40298001001K21800896,0,candidate_negative,1341.0,155.0,6.4,-36.5,2.172,1.511,5.61,6,V,uncolored chip row; temporary candidate negative under chip-independence assumption,0,1.5523,102.999,49,
E3003161ABV40298001001K21800896__row_50,E3003161ABV40298001001K21800896,E3003161ABV40298001001K21800896,0,candidate_negative,1341.0,147.0,6.3,-30.0,2.182,1.517,5.603,1,W,uncolored chip row; temporary candidate negative under chip-independence assumption,0,1.6816,104.8407,50,
E3003161ABV40298001001K21800896__row_51,E3003161ABV40298001001K21800896,E3003161ABV40298001001K21800896,0,candidate_negative,1341.0,138.0,6.3,-32.2,2.179,1.522,5.623,2,W,uncolored chip row; temporary candidate negative under chip-independence assumption,0,1.312,84.7823,51,
E3003161ABV40298001001K21800896__row_52,E3003161ABV40298001001K21800896,E3003161ABV40298001001K21800896,1,marked_damaged,1341.0,145.0,6.5,-34.4,2.173,1.521,5.64,3,W,colored chip row; treated as temporary damaged label,0,1.3253,86.0231,52,
E3003161ABV40298001001K21800896__row_53,E3003161ABV40298001001K21800896,E3003161ABV40298001001K21800896,0,candidate_negative,1341.0,151.0,6.5,-35.7,2.177,1.523,5.657,4,W,uncolored chip row; temporary candidate negative under chip-independence assumption,0,1.4595,90.7632,53,
E3003161ABV40298001001K21800896__row_54,E3003161ABV40298001001K21800896,E3003161ABV40298001001K21800896,0,candidate_negative,1341.0,153.0,6.6,-36.9,2.164,1.522,5.648,5,W,uncolored chip row; temporary candidate negative under chip-independence assumption,0,1.5042,95.2149,54,
E3003161ABV40298001001K21800896__row_55,E3003161ABV40298001001K21800896,E3003161ABV40298001001K21800896,0,candidate_negative,1341.0,152.0,6.6,-37.1,2.167,1.522,5.653,6,W,uncolored chip row; temporary candidate negative under chip-independence assumption,0,1.4819,93.5262,55,
E3003161ABV40298001001K22002764__row_56,E3003161ABV40298001001K22002764,E3003161ABV40298001001K22002764,1,marked_damaged,1341.0,75.0,6.8,-38.3,2.257,1.528,5.729,1,U,colored chip row; treated as temporary damaged label,0,0.8051,54.0958,56,
E3003161ABV40298001001K22002764__row_57,E3003161ABV40298001001K22002764,E3003161ABV40298001001K22002764,0,candidate_negative,1341.0,74.0,6.8,-37.6,2.251,1.524,5.743,2,U,uncolored chip row; temporary candidate negative under chip-independence assumption,0,0.9055,60.5419,57,
E3003161ABV40298001001K22002764__row_58,E3003161ABV40298001001K22002764,E3003161ABV40298001001K22002764,0,candidate_negative,1341.0,71.0,6.8,-36.5,2.237,1.526,5.737,3,U,uncolored chip row; temporary candidate negative under chip-independence assumption,0,0.7946,53.8473,58,
E3003161ABV40298001001K22002764__row_59,E3003161ABV40298001001K22002764,E3003161ABV40298001001K22002764,0,candidate_negative,1341.0,74.0,6.8,-35.0,2.225,1.528,5.73,4,U,uncolored chip row; temporary candidate negative under chip-independence assumption,0,0.7494,49.3541,59,
E3003161ABV40298001001K22002764__row_60,E3003161ABV40298001001K22002764,E3003161ABV40298001001K22002764,0,candidate_negative,1341.0,70.0,6.7,-33.2,2.225,1.531,5.721,5,U,uncolored chip row; temporary candidate negative under chip-independence assumption,0,0.7144,46.0439,60,
E3003161ABV40298001001K22002764__row_61,E3003161ABV40298001001K22002764,E3003161ABV40298001001K22002764,0,candidate_negative,1340.0,64.0,6.6,-31.4,2.215,1.527,5.71,6,U,uncolored chip row; temporary candidate negative under chip-independence assumption,0,0.8213,52.5307,61,
E3003161ABV40298001001K22002764__row_62,E3003161ABV40298001001K22002764,E3003161ABV40298001001K22002764,0,candidate_negative,1341.0,92.0,6.6,-39.5,2.39,1.521,5.718,1,V,uncolored chip row; temporary candidate negative under chip-independence assumption,0,1.7122,101.9786,62,
E3003161ABV40298001001K22002764__row_63,E3003161ABV40298001001K22002764,E3003161ABV40298001001K22002764,0,candidate_negative,1341.0,85.0,6.5,-38.4,2.388,1.515,5.72,2,V,uncolored chip row; temporary candidate negative under chip-independence assumption,0,1.6914,101.5742,63,
E3003161ABV40298001001K22002764__row_64,E3003161ABV40298001001K22002764,E3003161ABV40298001001K22002764,0,candidate_negative,1341.0,75.0,6.4,-39.0,2.394,1.511,5.746,3,V,uncolored chip row; temporary candidate negative under chip-independence assumption,0,1.7537,109.1741,64,
E3003161ABV40298001001K22002764__row_65,E3003161ABV40298001001K22002764,E3003161ABV40298001001K22002764,0,candidate_negative,1341.0,77.0,6.5,-39.5,2.387,1.515,5.743,4,V,uncolored chip row; temporary candidate negative under chip-independence assumption,0,1.681,104.3355,65,
E3003161ABV40298001001K22002764__row_66,E3003161ABV40298001001K22002764,E3003161ABV40298001001K22002764,0,candidate_negative,1341.0,85.0,6.6,-39.4,2.381,1.514,5.727,5,V,uncolored chip row; temporary candidate negative under chip-independence assumption,0,1.6188,99.2506,66,
E3003161ABV40298001001K22002764__row_67,E3003161ABV40298001001K22002764,E3003161ABV40298001001K22002764,0,candidate_negative,1341.0,97.0,6.7,-40.3,2.384,1.517,5.718,6,V,uncolored chip row; temporary candidate negative under chip-independence assumption,0,1.6499,100.7884,67,
E3003161ABV40298001001K22002764__row_68,E3003161ABV40298001001K22002764,E3003161ABV40298001001K22002764,0,candidate_negative,1341.0,80.0,6.8,-43.0,2.408,1.52,5.716,1,W,uncolored chip row; temporary candidate negative under chip-independence assumption,0,1.899,112.5055,68,
E3003161ABV40298001001K22002764__row_69,E3003161ABV40298001001K22002764,E3003161ABV40298001001K22002764,0,candidate_negative,1341.0,82.0,6.8,-44.5,2.422,1.517,5.727,2,W,uncolored chip row; temporary candidate negative under chip-independence assumption,1,2.0442,126.6663,69,chip_RG:2.04
E3003161ABV40298001001K22002764__row_70,E3003161ABV40298001001K22002764,E3003161ABV40298001001K22002764,0,candidate_negative,1341.0,85.0,6.7,-45.7,2.423,1.522,5.731,3,W,uncolored chip row; temporary candidate negative under chip-independence assumption,1,2.0546,126.0792,70,chip_RG:2.05
E3003161ABV40298001001K22002764__row_71,E3003161ABV40298001001K22002764,E3003161ABV40298001001K22002764,0,candidate_negative,1341.0,85.0,6.7,-46.1,2.421,1.518,5.725,4,W,uncolored chip row; temporary candidate negative under chip-independence assumption,1,2.0338,125.581,71,chip_RG:2.03
E3003161ABV40298001001K22002764__row_72,E3003161ABV40298001001K22002764,E3003161ABV40298001001K22002764,0,candidate_negative,1341.0,84.0,6.6,-45.6,2.408,1.525,5.717,5,W,uncolored chip row; temporary candidate negative under chip-independence assumption,0,1.899,111.1667,72,
E3003161ABV40298001001K22002764__row_73,E3003161ABV40298001001K22002764,E3003161ABV40298001001K22002764,0,candidate_negative,1341.0,80.0,6.7,-44.3,2.403,1.519,5.713,6,W,uncolored chip row; temporary candidate negative under chip-independence assumption,0,1.8471,110.0165,73,
